Workbook

Sheet IG+Bal
A1: 1 | B1: 2 | C1: 3 | D1: 4 | E1: 5 | F1: 6 | G1: 7 | H1: 8 | I1: 9 | J1: 10 | K1: 11 | L1: 12 | M1: 13 | N1: 14 | O1: 15 | P1: 16 | Q1: 17 | R1: 18 | S1: 19 | T1: 20 | U1: 21 | V1: 22 | W1: 23 | X1: 24 | Y1: 25 | Z1: 26 | AA1: 27 | AB1: 28 | AC1: 29 | AD1: 30 | AE1: 31 | AF1: 32 | AG1: 33 | AH1: 34 | AI1: 35 | AJ1: 36 | AK1: 37 | AL1: 38 | AM1: 39 | AN1: 40 | AO1: 41 | AP1: 42 | AQ1: 43 | AR1: 44 | AS1: 45 | AT1: 46 | AU1: 47 | AV1: 48 | AW1: 49 | AX1: 50 | AY1: 51 | AZ1: 52 | BA1: 53 | BB1: 54 | BC1: 55 | BD1: 56 | BE1: 57 | BF1: 58 | BG1: 59 | BH1: 60 | BI1: 61 | BJ1: 62 | BK1: 63 | BL1: 64 | BM1: 65 | BN1: 66 | BO1: 67 | BP1: 68 | BQ1: 69 | BR1: 70 | BS1: 71 | BT1: 72 | BU1: 73 | BV1: 74 | BW1: 75 | BX1: 76 | BY1: 77 | BZ1: 78 | CA1: 79 | CB1: 80 | CC1: 81 | CD1: 82 | CE1: 83 | CF1: 84 | CG1: 85 | CH1: 86 | CI1: 87 | CJ1: 88 | CK1: 89 | CL1: 90 | CM1: 91 | CN1: 92 | CO1: 93 | CP1: 94 | CQ1: 95 | CR1: 96 | CS1: 97 | CT1: 98 | CU1: 99 | CV1: 100 | CW1: 101 | CX1: 102 | CY1: 103 | CZ1: 104 | DA1: 105 | DB1: 106 | DC1: 107 | DD1: 108 | DE1: 109 | DF1: 110 | DG1: 111 | DH1: 112 | DI1: 113 | DJ1: 114 | DK1: 115 | DL1: 116 | DM1: 117 | DN1: 118
A2: 2 | C2: I | D2: 2025
A3: 3 | D3: ENERO | E3: FEBRERO | F3: MARZO | G3: ABRIL | H3: MAYO | I3: JUNIO | J3: JULIO | K3: AGOSTO | L3: SEPTIEMBRE | M3: OCTUBRE | N3: NOVIEMBRE | O3: DICIEMBRE | R3: TIPO | S3: NOMBRE
A4: 4 | E4: 45714 | F4: 45745 | G4: 45776 | H4: 45811 | I4: 45835 | J4: 45871 | K4: 45867 | L4: 45929 | M4: 45958 | Q4: =Table1[[#This Row],[NOMBRE]] -> G.F | R4: Gasto fijo | S4: G.F
A5: 5 | B5: In.Tr | C5: =VLOOKUP(B5,$Q$4:$S$9,1,FALSE) -> In.Tr | E5: =586.74 -> 586.74 | F5: =1466.86 -> 1466.86 | G5: =1495.27 -> 1495.27 | H5: =1495.27 -> 1495.27 | I5: =1495.27 -> 1495.27 | J5: 1800 | K5: 1800 | L5: 1800 | M5: 1800 | Q5: =Table1[[#This Row],[NOMBRE]] -> G.TOT | R5: Gasto total | S5: G.TOT
A6: 6 | B6: In.F | C6: =VLOOKUP(B6,$Q$4:$S$9,1,FALSE) -> In.F | E6: =120 -> 120 | F6: =120 -> 120 | G6: =120+10.45+1.4+10.57+1+14.5+2.5+12+4.33+50+7 -> 233.75 | H6: =120+2.73+5.4+10+10+17.2+8.6+8.6+8.6+8.6+50 -> 249.73 | I6: =120+8+1.4+16+11.32+11.32+9.5+11.32+11.3+11.3+0.02+5+150 -> 366.48 | J6: =120+6.5+60+50+230+25.1+11.25+11.25+46+11.25+16.5+14.3+7+10+1.2+1.6+75+16.5+16.5 -> 729.95 | K6: =120+55+46+46+46+46+46+46+8+10 -> 469 | L6: =120+5.25+7.25+4.5+0.01+11.5+70 -> 218.51 | M6: =120+12.2+15.16+15.2+15.16+15.19+15.16+3+7+6.86+6.86+6.86+6.86+5+12.86+12.5+5+7.5+7.15+5+11.85+11.85+11.85+11.85+11.8+11.85 -> 371.57 | Q6: =Table1[[#This Row],[NOMBRE]] -> G.Var | R6: Gasto variable | S6: G.Var
A7: 7 | B7: In.TOT | C7: =VLOOKUP(B7,$Q$4:$S$9,1,FALSE) -> In.TOT | D7: =SUM(D5:D6) -> 0 | E7: =SUM(E5:E6) -> 706.74 | F7: =SUM(F5:F6) -> 1586.86 | G7: =SUM(G5:G6) -> 1729.02 | H7: =SUM(H5:H6) -> 1745 | I7: =SUM(I5:I6) -> 1861.75 | J7: =SUM(J5:J6) -> 2529.95 | K7: =SUM(K5:K6) -> 2269 | ... M7: =SUM(M5:M6) -> 2171.57 | Q7: =Table1[[#This Row],[NOMBRE]] -> In.F | R7: Ingreso familiar | S7: In.F
A8: 8 | Q8: =Table1[[#This Row],[NOMBRE]] -> In.Tr | R8: Ingreso por trabajo | S8: In.Tr
A9: 9 | Q9: =Table1[[#This Row],[NOMBRE]] -> In.TOT | R9: Ingreso total | S9: In.TOT
A10: 10 | C10: G | D10: 2025
A11: 11 | D11: ENERO | E11: FEBRERO | F11: MARZO | G11: ABRIL | H11: MAYO | I11: JUNIO | J11: JULIO | K11: AGOSTO | L11: SEPTIEMBRE | M11: OCTUBRE | N11: NOVIEMBRE | O11: DICIEMBRE
A12: 12
A13: 13 | B13: G.F | C13: =VLOOKUP(B13,$Q$4:$S$9,1,FALSE) -> G.F | F13: =Gastos!D17 -> 166.36 | G13: =Gastos!E17 -> 278.31 | H13: =Gastos!F17 -> 229.27 | I13: =Gastos!G17 -> 276.05 | J13: =Gastos!H17 -> 410.54 | K13: =Gastos!I17 -> 100.2 | L13: =Gastos!J17 -> 178.4 | M13: =Gastos!K17 -> 362.14
A14: 14 | B14: G.Var | C14: =VLOOKUP(B14,$Q$4:$S$9,1,FALSE) -> G.Var | F14: =Gastos!D26 -> 253.64 | G14: =Gastos!E26 -> 308.46 | H14: =Gastos!F26 -> 751.5 | I14: =Gastos!G26 -> 839.28 | J14: =Gastos!H26 -> 714.67 | K14: =Gastos!I26 -> 795.4 | L14: =Gastos!J26 -> 474.14 | M14: =Gastos!K26 -> 289.04
A15: 15 | B15: G.TOT | C15: =VLOOKUP(B15,$Q$4:$S$9,1,FALSE) -> G.TOT | D15: =SUM(D13:D14) -> 0 | E15: =SUM(E13:E14) -> 0 | F15: =SUM(F13:F14) -> 420 | G15: =SUM(G13:G14) -> 586.77 | H15: =SUM(H13:H14) -> 980.77 | I15: =SUM(I13:I14) -> 1115.33 | J15: =SUM(J13:J14) -> 1125.21 | K15: =SUM(K13:K14) -> 895.6 | ... M15: =SUM(M13:M14) -> 651.18
A16: 16
A17: 17
A18: 18
A19: 19
A20: 20
A21: 21
A22: 22
A23: 23
A24: 24
A25: 25
A26: 26
A27: 27
... A322: 322

Sheet Gastos
F1: 00-Fiesta | J1: GASTOS MARZO 2025 | L1: GASTOS ABRIL 2025 | N1: GASTOS MAYO 2025 | P1: GASTOS JUNIO 2025 | R1: GASTOS JULIO | T1: GASTOS AGOSTO | V1: GASTOS SEPTIEMBRE | X1: GASTOS OCTUBRE | Z1: GASTOS NOVIEMBRE
F2: 01-Comidas/Cenas | J2: 00-Fiesta | K2: =5.89 -> 5.89 | L2: 01-Comidas/Cenas | M2: =8.65+9.35+8.5+1+4.2+1.2+1.4+13.1+10.6+4+16.48+4.65+9.9+15.1+8.65+15.7+4+7+14 -> 157.48 | N2: 05-Lujos | O2: =108+330+3.8+2.8+0.99+7.99+34.98+5.49+8.99+1.1+120+2+3.8 -> 629.94 | P2: 05-Lujos | Q2: =7.99+2.8+30+12.83+70+0.99+3.9+1.9+56.77+4+10+7 -> 208.18 | R2: 01-Comidas/Cenas | S2: =4.3+4.5+12.99+3.8+10.3+1.55+8.65+21.41+21.82+50.2+13+8.65+13.45+1.5+1.4+8.7 -> 186.22 | T2: 05-Lujos | U2: =4.62+8+55+10+118+7.5+2.05+6.6+2.8+2.8+0.99+3.2+250+14+8+1.9+10.3+7.32+1.5+1.65+4.8+10.15 -> 531.18 | V2: 01-Comidas/Cenas | W2: =17.4+54.68+7.15+10.7+6.25+32.95 -> 129.13 | X2: 05-Lujos | Y2: =28.7+1.9+0.99+3.6+17.07+1.5+4.35+6.99+2.99+3.5+10+30+4.2+3.8+4 -> 123.59
F3: 02-Multas | J3: 01-Comidas/Cenas | K3: =9.75+10.45+5+25+11.83+4.35+18.4+6.65+3.8 -> 95.23 | L3: 03-Gasolina YO | M3: =59.11+61.72 -> 120.83 | N3: 04-Viajes | O3: =121.56 -> 121.56 | P3: 01-Comidas/Cenas | Q3: =18+16.15+90.6+100+51.3 -> 276.05 | R3: 05-Lujos | S3: =1.5+5.9+4.89+8.19+68+22.97+10.98+3.25+0.99+1.5+7.29+2+184.75+5+92+4.94+11+1.9+5.37+1+4.8+5+62.65+5.6+75+7.5 -> 603.97 | T3: 04-Viajes | U3: =13+22.45+33.76+6.19+2.2+57.18+40.45+12.31+31.19+18.25+11.52+15.72 -> 264.22 | V3: 05-Lujos | W3: =3.5+5+3.3+2.8+0.99+1.5+1.9+174+1.6+12.59+6.1+6.3+3.6+148.8+1.5+15+13.97+1.9+68.89+0.9 -> 474.14 | X3: 03-Gasolina YO | Y3: =48.99+48.85 -> 97.84
F4: 03-Gasolina YO | J4: 02-Multas | K4: =18 -> 18 | L4: 04-Viajes | M4: =25.51+147.65 -> 173.16 | N4: 01-Comidas/Cenas | O4: =12.1+21.5+36.7+8.1+85.96+9.23+2.66 -> 176.25 | P4: 04-Viajes | Q4: =75.93+555.17 -> 631.1 | R4: 03-Gasolina YO | S4: =53.66+70.7+50.55+49.41 -> 224.32 | T4: 01-Comidas/Cenas | U4: =16+8+40.2+22.47+13.53 -> 100.2 | V4: 03-Gasolina YO | W4: =49.27 -> 49.27 | X4: 01-Comidas/Cenas | Y4: =3.55+2.9+7.5+48+106.1+8.5+2+2.95+8.65+22.5+11.5+14.3+6.5+9.25+10.1 -> 264.3
F5: 04-Viajes | J5: 04-Viajes | K5: =67.92+158.83 -> 226.75 | L5: 05-Lujos | M5: =9.5+5+1+2.8+2+115 -> 135.3 | N5: 03-Gasolina YO | O5: =53.02 -> 53.02 | R5: 00-Fiesta | S5: =44.7+66 -> 110.7 | X5: 00-Fiesta | Y5: =9+9+9+15+77.55 -> 119.55
F6: 05-Lujos | J6: 03-Gasolina YO | K6: =71.13 -> 71.13 | X6: 04-Viajes | Y6: =27.2+11.7+7 -> 45.9
J7: 05-Lujos | K7: =1+2 -> 3
B13: 2025
A14: Registro de Gastos FIJOS en € | B14: ENERO | C14: FEBRERO | D14: MARZO | E14: ABRIL | F14: MAYO | G14: JUNIO | H14: JULIO | I14: AGOSTO | J14: SEPTIEMBRE | K14: OCTUBRE | L14: NOVIEMBRE | M14: DICIEMBRE
A15: Gasolina | D15: =K6 -> 71.13 | E15: =M3 -> 120.83 | F15: =O5 -> 53.02 | G15: =0 -> 0 | H15: =S4 -> 224.32 | I15: =0 -> 0 | J15: =W4 -> 49.27 | K15: =Y3 -> 97.84
A16: Comidas/cenas | D16: =K3 -> 95.23 | E16: =M2 -> 157.48 | F16: =O4 -> 176.25 | G16: =Q3 -> 276.05 | H16: =S2 -> 186.22 | I16: =U4 -> 100.2 | J16: =W2 -> 129.13 | K16: =Y4 -> 264.3
A17: TOTAL | B17: =SUM(B15:B16) -> 0 | C17: =SUM(C15:C16) -> 0 | D17: =SUM(D15:D16) -> 166.36 | E17: =SUM(E15:E16) -> 278.31 | F17: =SUM(F15:F16) -> 229.27 | G17: =SUM(G15:G16) -> 276.05 | H17: =SUM(H15:H16) -> 410.54 | I17: =SUM(I15:I16) -> 100.2 | ... K17: =SUM(K15:K16) -> 362.14
B22: 2025
A23: Registro de Gastos VAR en € | B23: ENERO | C23: FEBRERO | D23: MARZO | E23: ABRIL | F23: MAYO | G23: JUNIO | H23: JULIO | I23: AGOSTO | J23: SEPTIEMBRE | K23: OCTUBRE | L23: NOVIEMBRE | M23: DICIEMBRE
A24: Viajes | D24: =K5 -> 226.75 | E24: =M4 -> 173.16 | F24: =O3 -> 121.56 | G24: =Q4 -> 631.1 | H24: =0 -> 0 | I24: =U3 -> 264.22 | J24: =0 -> 0 | K24: =Y6 -> 45.9
A25: Resto | D25: =K2+K4+K7 -> 26.89 | E25: =M5 -> 135.3 | F25: =O2 -> 629.94 | G25: =Q2 -> 208.18 | H25: =S3+S5 -> 714.67 | I25: =U2 -> 531.18 | J25: =W3 -> 474.14 | K25: =Y2+Y5 -> 243.14
A26: TOTAL | B26: =SUM(B24:B25) -> 0 | C26: =SUM(C24:C25) -> 0 | D26: =SUM(D24:D25) -> 253.64 | E26: =SUM(E24:E25) -> 308.46 | F26: =SUM(F24:F25) -> 751.5 | G26: =SUM(G24:G25) -> 839.28 | H26: =SUM(H24:H25) -> 714.67 | I26: =SUM(I24:I25) -> 795.4 | J26: =J24+J25 -> 474.14 | K26: =K24+K25 -> 289.04
